,AIC,BIC,LogLik
M0_speaker,,,-1235.4394899087038
M0_dialogue,,,-1473.1482171719817
M1_fixed,,,-1044.6406435003682
M2a_full,,,-949.2651515488615
M3_dialogue,,,-1083.9938730434696
