{
  "chi_square": {
    "chi2": 3.3218436147692345,
    "p_value": 0.7675016619855682,
    "dof": 6,
    "cramers_v": 0.02449137205103216,
    "cramers_v_ci": [
      0.019331620505414225,
      0.06331842833034113
    ],
    "cramers_v_details": {
      "v": 0.02449137205103216,
      "interpretation": "negligible",
      "df": 2
    },
    "effect_interpretation": "negligible",
    "contingency_table": {
      "frame_blending": {
        "information_provision": 38,
        "relational": 26,
        "service_initiation": 38,
        "transaction": 38
      },
      "frame_reinforcement": {
        "information_provision": 409,
        "relational": 396,
        "service_initiation": 417,
        "transaction": 415
      },
      "frame_shifting": {
        "information_provision": 234,
        "relational": 248,
        "service_initiation": 253,
        "transaction": 257
      }
    },
    "expected_frequencies": [
      [
        34.431202600216686,
        402.59913326110507,
        243.9696641386782
      ],
      [
        33.87504514265078,
        396.0960635608523,
        240.02889129649694
      ],
      [
        35.79631635969664,
        418.5612134344529,
        253.6424702058505
      ],
      [
        35.8974358974359,
        419.7435897435897,
        254.35897435897436
      ]
    ],
    "standardized_residuals": [
      [
        0.608199134641296,
        0.31900858286496936,
        -0.6382820243214805
      ],
      [
        -1.353047710320461,
        -0.004826790148912832,
        0.5145018872845054
      ],
      [
        0.3683240511696287,
        -0.07631023467118764,
        -0.04034056767037525
      ],
      [
        0.3509276038589485,
        -0.2315341655052627,
        0.16559571135606183
      ]
    ],
    "cell_contributions": [
      [
        0.3699061873784214,
        0.10176647594151604,
        0.40740394257192697
      ],
      [
        1.8307381064034418,
        2.3297903141641958e-05,
        0.2647121920193179
      ],
      [
        0.1356626066700072,
        0.005823251915571729,
        0.001627361399968125
      ],
      [
        0.1231501831501831,
        0.05360806979621839,
        0.027421939619520143
      ]
    ],
    "odds_ratios": {
      "information_provision_frame_blending_vs_frame_reinforcement": {
        "or": 1.1185579366220817,
        "ci_lower": 0.7581318950044099,
        "ci_upper": 1.6503353385138495,
        "log_or": 0.1120402991064008,
        "se_log_or": 0.1984415053987693
      },
      "relational_frame_blending_vs_frame_reinforcement": {
        "or": 0.7147350699982279,
        "ci_lower": 0.45998024028439877,
        "ci_upper": 1.1105829675847017,
        "log_or": -0.3358433364228868,
        "se_log_or": 0.22486556558111848
      },
      "service_initiation_frame_blending_vs_frame_reinforcement": {
        "or": 1.089951568157239,
        "ci_lower": 0.7388948787825612,
        "ci_upper": 1.6077989644289064,
        "log_or": 0.0861332623706155,
        "se_log_or": 0.19833674573369248
      },
      "transaction_frame_blending_vs_frame_reinforcement": {
        "or": 1.0969997637609261,
        "ci_lower": 0.7436354253108755,
        "ci_upper": 1.6182775063310693,
        "log_or": 0.09257896594295707,
        "se_log_or": 0.19836249696475686
      },
      "information_provision_frame_shifting_vs_frame_reinforcement": {
        "or": 0.9268761571759424,
        "ci_lower": 0.7707898174999613,
        "ci_upper": 1.1145702644693867,
        "log_or": -0.07593531762038415,
        "se_log_or": 0.09408552231795665
      },
      "relational_frame_shifting_vs_frame_reinforcement": {
        "or": 1.0446127946127945,
        "ci_lower": 0.8700151101151502,
        "ci_upper": 1.254249354961577,
        "log_or": 0.04364628528201691,
        "se_log_or": 0.09331344160429371
      },
      "service_initiation_frame_shifting_vs_frame_reinforcement": {
        "or": 1.0016127828454422,
        "ci_lower": 0.8358234140437408,
        "ci_upper": 1.2002872256302806,
        "log_or": 0.001611483707819265,
        "se_log_or": 0.09232281846226639
      },
      "transaction_frame_shifting_vs_frame_reinforcement": {
        "or": 1.0296008523891484,
        "ci_lower": 0.8595801623707319,
        "ci_upper": 1.2332507910800943,
        "log_or": 0.02917120518322547,
        "se_log_or": 0.09208454789554096
      }
    },
    "statistical_power": {
      "current_power": 0.050396794496654684,
      "k_groups": 12,
      "effect_size_f": 0.02449137205103216,
      "interpretation": "small"
    },
    "total_n": "2769"
  },
  "pre_model_diagnostics": {
    "sample_size": {
      "n_obs": 2918,
      "n_predictors": 6,
      "samples_per_predictor": 486.3333333333333,
      "adequate": true
    },
    "category_distribution": {
      "distribution": {
        "frame_reinforcement": 1637,
        "frame_shifting": 992,
        "frame_blending": 140
      },
      "min_category_size": 140,
      "balanced": "False"
    },
    "missing_data": {
      "missing_percentage": {
        "strategy": 5.106237148732008,
        "frame_category": 0.0,
        "role": 0.0
      },
      "acceptable": false
    }
  },
  "model_diagnostics": {
    "vif": {
      "frame": 1.0000004631910884,
      "role": NaN,
      "stage": NaN,
      "cognitive_load": 1.0000004631910882,
      "position": 15.52238679172611,
      "frame_role": NaN,
      "frame_stage": NaN
    },
    "high_corr_features_removed": [],
    "multicollinearity": "problematic"
  },
  "multinomial_regression": {
    "error": "All models failed",
    "fallback": "chi_square"
  },
  "marginal_effects": {
    "information_provision": {
      "frame_reinforcement": 0.572829131652661,
      "NaN": 0.0,
      "frame_shifting": 0.3277310924369748,
      "frame_blending": 0.05322128851540616
    },
    "service_initiation": {
      "frame_reinforcement": 0.5658073270013568,
      "NaN": 0.0,
      "frame_shifting": 0.34328358208955223,
      "frame_blending": 0.051560379918588875
    },
    "transaction": {
      "frame_reinforcement": 0.5474934036939314,
      "NaN": 0.0,
      "frame_shifting": 0.3390501319261214,
      "frame_blending": 0.05013192612137203
    },
    "relational": {
      "frame_reinforcement": 0.5585331452750353,
      "NaN": 0.0,
      "frame_shifting": 0.34978843441466856,
      "frame_blending": 0.036671368124118475
    }
  },
  "role_frame_interaction": {
    "service_provider": {},
    "customer": {
      "information_provision": {
        "frame_reinforcement": 0.6005873715124816,
        "frame_shifting": 0.3436123348017621,
        "frame_blending": 0.055800293685756244
      },
      "service_initiation": {
        "frame_reinforcement": 0.5889830508474576,
        "frame_shifting": 0.3573446327683616,
        "frame_blending": 0.05367231638418079
      },
      "transaction": {
        "frame_reinforcement": 0.5845070422535211,
        "frame_shifting": 0.3619718309859155,
        "frame_blending": 0.05352112676056338
      },
      "relational": {
        "frame_reinforcement": 0.591044776119403,
        "frame_shifting": 0.3701492537313433,
        "frame_blending": 0.03880597014925373
      }
    }
  },
  "interaction_effect_size": {
    "f_statistic": 1.4396083270557019,
    "p_value": 0.229266421560056,
    "eta_squared": 0.0014799016968939196,
    "interpretation": "negligible"
  },
  "power_analysis": {
    "current_power": 0.052697694967114184,
    "k_groups": 4,
    "effect_size_f": 0.03849798763411082,
    "interpretation": "small"
  },
  "multiple_comparison_correction": {
    "original_p_values": {
      "chi_square_test": 0.7675016619855682,
      "interaction_effect": 0.229266421560056
    },
    "adjusted_p_values": {
      "chi_square_test": 0.7675016619855682,
      "interaction_effect": 0.458532843120112
    },
    "rejected": {
      "chi_square_test": false,
      "interaction_effect": false
    },
    "n_significant": 0,
    "n_tests": 2,
    "method": "fdr_bh"
  }
}