{
  "chi_square": {
    "chi2": 62.23596641817766,
    "p_value": 1.5794975030794297e-11,
    "dof": 6,
    "degrees_of_freedom": 6,
    "cramers_v": 0.25924788711631563,
    "cramers_v_ci": [
      0.21473951334656757,
      0.30836869737631717
    ],
    "cramers_v_details": {
      "v": 0.25924788711631563,
      "interpretation": "medium",
      "df": 2
    },
    "effect_interpretation": "medium",
    "contingency_table": {
      "frame_blending": {
        "information_provision": 1,
        "relational": 0,
        "service_initiation": 0,
        "transaction": 1
      },
      "frame_reinforcement": {
        "information_provision": 107,
        "relational": 32,
        "service_initiation": 111,
        "transaction": 59
      },
      "frame_shifting": {
        "information_provision": 81,
        "relational": 8,
        "service_initiation": 8,
        "transaction": 55
      }
    },
    "expected_frequencies": [
      [
        0.816414686825054,
        126.13606911447084,
        62.0475161987041
      ],
      [
        0.17278617710583152,
        26.695464362850974,
        13.131749460043197
      ],
      [
        0.5140388768898488,
        79.41900647948164,
        39.06695464362851
      ],
      [
        0.49676025917926564,
        76.74946004319655,
        37.75377969762419
      ]
    ],
    "standardized_residuals": [
      [
        0.2031807365199242,
        -1.7038567714778305,
        2.406046041140436
      ],
      [
        -0.4156755671263726,
        1.0266647040932626,
        -1.4161333519727275
      ],
      [
        -0.7169650457936209,
        3.5437539771938997,
        -4.970429339970277
      ],
      [
        0.7140054183548856,
        -2.026037509596246,
        2.80681449605141
      ]
    ],
    "cell_contributions": [
      [
        0.041282411692778846,
        2.9031278977108554,
        5.789057552087563
      ],
      [
        0.17278617710583152,
        1.0540404146309066,
        2.005433670569513
      ],
      [
        0.5140388768898488,
        12.558192250877582,
        24.705167823637357
      ],
      [
        0.5098037374401352,
        4.104827990290961,
        7.878207615244329
      ]
    ],
    "odds_ratios": {
      "information_provision_frame_blending_vs_frame_reinforcement": {
        "or": 1.8878504672897196,
        "ci_lower": 0.11692088303074324,
        "ci_upper": 30.481974600798214,
        "log_or": 0.6354388629392986,
        "se_log_or": 1.4192590635405602
      },
      "relational_frame_blending_vs_frame_reinforcement": {
        "or": 0.0,
        "ci_lower": 0.1408634940932175,
        "ci_upper": 7.099071384231335,
        "log_or": 0,
        "se_log_or": 1.0
      },
      "service_initiation_frame_blending_vs_frame_reinforcement": {
        "or": 0.0,
        "ci_lower": 0.1408634940932175,
        "ci_upper": 7.099071384231335,
        "log_or": 0,
        "se_log_or": 1.0
      },
      "transaction_frame_blending_vs_frame_reinforcement": {
        "or": 4.237288135593221,
        "ci_lower": 0.2612276280475132,
        "ci_upper": 68.73166853841896,
        "log_or": 1.443923473956527,
        "se_log_or": 1.4216009118393154
      },
      "information_provision_frame_shifting_vs_frame_reinforcement": {
        "or": 2.1537448993023562,
        "ci_lower": 1.4501568116784243,
        "ci_upper": 3.198700343242287,
        "log_or": 0.767208140570422,
        "se_log_or": 0.20180801643301366
      },
      "relational_frame_shifting_vs_frame_reinforcement": {
        "or": 0.4809027777777778,
        "ci_lower": 0.21597923253619591,
        "ci_upper": 1.0707857369371132,
        "log_or": -0.7320901545085527,
        "se_log_or": 0.40841713082055403
      },
      "service_initiation_frame_shifting_vs_frame_reinforcement": {
        "or": 0.0990990990990991,
        "ci_lower": 0.04686208897206067,
        "ci_upper": 0.20956452556155047,
        "log_or": -2.3116349285139637,
        "se_log_or": 0.3821046433949194
      },
      "transaction_frame_shifting_vs_frame_reinforcement": {
        "or": 2.402586056264197,
        "ci_lower": 1.5538636183904053,
        "ci_upper": 3.714881852845362,
        "log_or": 0.8765456806856151,
        "se_log_or": 0.22235163384762102
      }
    },
    "statistical_power": {
      "current_power": 0.10315811775326533,
      "k_groups": 12,
      "effect_size_f": 0.25924788711631563,
      "interpretation": "large"
    },
    "total_n": "463"
  },
  "pre_model_diagnostics": {
    "sample_size": {
      "n_obs": 2792,
      "n_predictors": 7,
      "samples_per_predictor": 398.85714285714283,
      "adequate": true
    },
    "category_distribution": {
      "distribution": {
        "frame_reinforcement": 1555,
        "frame_shifting": 962,
        "frame_blending": 133
      },
      "min_category_size": 133,
      "balanced": "False"
    },
    "missing_data": {
      "missing_percentage": {
        "strategy": 5.08595988538682,
        "frame_category": 0.0,
        "role": 0.0
      },
      "acceptable": false
    }
  },
  "model_diagnostics": {
    "vif": {
      "prev_strategy": 1.0056000611305826,
      "strategy_momentum": 1.004382900614044,
      "strategy_diversity": 1.0329963157438578,
      "frame": 1.0099597010392414,
      "frame_changed": 1.0266220855978094,
      "position_squared": 0.0,
      "role_stage": NaN,
      "frame_stage": NaN,
      "frame_role": NaN,
      "time_weight": 0.0
    },
    "high_corr_features_removed": [],
    "multicollinearity": "acceptable"
  },
  "mcfadden_r2": {
    "value": 0.1253850940672342,
    "sklearn": 0.12536824422862225,
    "statsmodels": 0.1253850940672342,
    "accuracy": 0.15773584905660376
  },
  "multinomial_regression": {
    "coefficients": {
      "0": {
        "prev_strategy": 0.8579711718145074,
        "strategy_momentum": 0.4571709176190548,
        "strategy_diversity": -0.7459211909028557,
        "frame": 0.4442801706185983,
        "frame_changed": 0.7752528678619404,
        "position_squared": 0.5426398241674278,
        "role_stage": 0.0,
        "frame_stage": 0.0,
        "frame_role": 0.0,
        "time_weight": 2.1705592966697114
      },
      "1": {
        "prev_strategy": 2.316932151565792,
        "strategy_momentum": 0.4207094634697484,
        "strategy_diversity": -0.6972496716550226,
        "frame": 0.28641397584733314,
        "frame_changed": 1.0390492849304658,
        "position_squared": -0.006488130969922806,
        "role_stage": 0.0,
        "frame_stage": 0.0,
        "frame_role": 0.0,
        "time_weight": -0.025952523879691224
      }
    },
    "std_errors": {
      "0": 0.1596767924153731,
      "1": 0.05184211237421215,
      "2": 0.0669184844429606,
      "3": 0.0735171697456916,
      "4": 0.27991572912875123,
      "5": 0.012643998656520602,
      "6": 0.0,
      "7": 0.0,
      "8": 0.0,
      "9": 0.05057599462608241,
      "10": 0.0871758214586192,
      "11": 0.02645873520868482,
      "12": 0.03896984755607401,
      "13": 0.04091471009026091,
      "14": 0.15027547221924734,
      "15": 0.025818015349764075,
      "16": 0.0,
      "17": 0.0,
      "18": 0.0,
      "19": 0.1032720613990563,
      "20": 0.08718992323350971,
      "21": 0.026646159082060875,
      "22": 0.046080728791187485,
      "23": 0.048550835877038866,
      "24": 0.15753873190777298,
      "25": 0.016949702908379334,
      "26": 0.0,
      "27": 0.0,
      "28": 0.0,
      "29": 0.06779881163351734
    },
    "odds_ratios": {
      "0": {
        "prev_strategy": 2.3583711069507447,
        "strategy_momentum": 1.5795988424516907,
        "strategy_diversity": 0.47429718038772306,
        "frame": 1.559367313330711,
        "frame_changed": 2.1711410695758073,
        "position_squared": 1.7205428029800696,
        "role_stage": 1.0,
        "frame_stage": 1.0,
        "frame_role": 1.0,
        "time_weight": 8.76318388994415
      },
      "1": {
        "prev_strategy": 10.14450471582231,